<?xml version="1.0" encoding="UTF-8"?>
<project-private xmlns="http://www.netbeans.org/ns/project-private/1">
    <editor-bookmarks xmlns="http://www.netbeans.org/ns/editor-bookmarks/2" lastBookmarkId="0"/>
    <open-files xmlns="http://www.netbeans.org/ns/projectui-open-files/2">
        <group>
            <file>file:/C:/Users/Kennedy/Google%20Drive/Faculdade/ListaDeExercicios4/src/listadeexercicios4/Exercicioo15.java</file>
            <file>file:/C:/Users/Kennedy/Google%20Drive/Faculdade/ListaDeExercicios4/src/listadeexercicios4/Exercicio2.java</file>
            <file>file:/C:/Users/Kennedy/Google%20Drive/Faculdade/ListaDeExercicios4/src/listadeexercicios4/Exercicioo22.java</file>
            <file>file:/C:/Users/Kennedy/Google%20Drive/Faculdade/ListaDeExercicios4/src/listadeexercicios4/Exercicioo14.java</file>
            <file>file:/C:/Users/Kennedy/Google%20Drive/Faculdade/ListaDeExercicios4/src/listadeexercicios4/Exercicioo17.java</file>
            <file>file:/C:/Users/Kennedy/Google%20Drive/Faculdade/ListaDeExercicios4/src/listadeexercicios4/Exercicioo16.java</file>
            <file>file:/C:/Users/Kennedy/Google%20Drive/Faculdade/ListaDeExercicios4/src/listadeexercicios4/Exercicio1.java</file>
        </group>
    </open-files>
</project-private>
